{
    "train_loss": [
        0.6129513303438823,
        0.522417147954305,
        0.4927471975485484,
        0.4445581038792928,
        0.42142483592033386,
        0.41728791991869607,
        0.39744611581166583,
        0.3883190055688222,
        0.39098604520161945,
        0.3508768399556478,
        0.35274228851000466,
        0.351459801197052,
        0.3246771772702535,
        0.3164182980855306,
        0.30793198744455974,
        0.31879982352256775,
        0.30479956964651744,
        0.31864817142486573,
        0.28719038267930347
    ],
    "train_acc": [
        0.6677559912854031,
        0.7418300653594772,
        0.7772331154684096,
        0.7892156862745098,
        0.8137254901960784,
        0.8061002178649237,
        0.8169934640522876,
        0.8169934640522876,
        0.8202614379084967,
        0.8496732026143791,
        0.8442265795206971,
        0.840958605664488,
        0.8605664488017429,
        0.8611111111111112,
        0.8643790849673203,
        0.8638344226579521,
        0.8567538126361656,
        0.8654684095860566,
        0.8741830065359477
    ],
    "val_loss": [
        0.4666810892522335,
        0.35761016234755516,
        0.3144911974668503,
        0.2988539971411228,
        0.2801855206489563,
        0.24188390374183655,
        0.24148092418909073,
        0.26129623502492905,
        0.24245746433734894,
        0.2392400335520506,
        0.24168805871158838,
        0.23425223864614964,
        0.22956143785268068,
        0.2272024815902114,
        0.2319442257285118,
        0.25578195694833994,
        0.2374886739999056,
        0.24412748776376247,
        0.25120158959180117
    ],
    "val_acc": [
        0.7208121827411168,
        0.817258883248731,
        0.8324873096446701,
        0.8426395939086294,
        0.8578680203045685,
        0.8705583756345178,
        0.883248730964467,
        0.8705583756345178,
        0.8934010152284264,
        0.8883248730964467,
        0.8908629441624365,
        0.8883248730964467,
        0.8883248730964467,
        0.8934010152284264,
        0.8984771573604061,
        0.8934010152284264,
        0.9060913705583756,
        0.8883248730964467,
        0.8908629441624365
    ],
    "learning_rates": [
        0.0001,
        0.0001,
        0.0001,
        0.0001,
        0.0001,
        0.0001,
        0.0001,
        0.0001,
        0.0001,
        0.0001,
        0.0001,
        0.0001,
        0.0001,
        0.0001,
        0.0001,
        0.0001,
        0.0001,
        5e-05,
        5e-05
    ]
}