{
    "train_loss": [
        1.0935433513047743,
        0.4586438922857752,
        0.3339128187876575,
        0.26171462648377125,
        0.2356875469642026,
        0.182876587712339,
        0.16238646916284852,
        0.1513383385478234,
        0.12163091416717792,
        0.1072796540600913,
        0.10029146069071579,
        0.10994647202861248,
        0.10727725407982967,
        0.0996460222819706,
        0.09127489446985479,
        0.08987905631050924,
        0.08433687028817224,
        0.0869293420014865,
        0.06998315966944685,
        0.08739182926068197,
        0.06555127642326514,
        0.05469603304114497,
        0.05846824860485385,
        0.051505792453618984,
        0.0551655370200395,
        0.06137190505919256,
        0.04663321232822325,
        0.05509776655318482,
        0.04617433825374714,
        0.049966748335222924,
        0.056006134555399496,
        0.0655500688150582,
        0.05287508651310084,
        0.04254088890073555,
        0.04268324435973654,
        0.04277563567049991,
        0.04094445258521532,
        0.04246145677135079,
        0.04164359517685347,
        0.04031014089396565,
        0.0464485109717186,
        0.04987852231418828,
        0.04230180693842585,
        0.037287975421498476,
        0.03634151960253877,
        0.03915633944965595,
        0.039899966490635534,
        0.04201681158571903
    ],
    "train_acc": [
        0.38301947015639964,
        0.6067666773060963,
        0.7685924034471753,
        0.8234918608362591,
        0.8547717842323651,
        0.8892435365464411,
        0.8917969996808172,
        0.9067985955952761,
        0.916693265240983,
        0.919885094158953,
        0.918927545483562,
        0.9329715927226301,
        0.9387168847749761,
        0.93935525055857,
        0.944462176827322,
        0.941589530801149,
        0.944462176827322,
        0.948611554420683,
        0.951803383338653,
        0.943504628151931,
        0.952441749122247,
        0.9594637727417811,
        0.9616980529843601,
        0.9591445898499841,
        0.9620172358761571,
        0.965209064794127,
        0.9610596872007661,
        0.968720076603894,
        0.96488988190233,
        0.965528247685924,
        0.96488988190233,
        0.9629747845515481,
        0.9601021385253751,
        0.969358442387488,
        0.971911905521864,
        0.969358442387488,
        0.969039259495691,
        0.970315991062879,
        0.969358442387488,
        0.97127353973827,
        0.969996808171082,
        0.967124162144909,
        0.976699648898819,
        0.967762527928503,
        0.97127353973827,
        0.971911905521864,
        0.970635173954676,
        0.970315991062879
    ],
    "val_loss": [
        1.3292866888500394,
        1.0463880043521168,
        0.6047616899124391,
        0.23780068670887322,
        0.16616685458991146,
        0.08281177089416555,
        0.07716908478150367,
        0.07739667470810846,
        0.08279418988206003,
        0.039890065056776315,
        0.05018481696225492,
        0.02520863044663288,
        0.037675779126792416,
        0.030818602627342834,
        0.021408894102066933,
        0.03357775196907044,
        0.027592710186755062,
        0.018424643280879883,
        0.0150506147081268,
        0.025483885246233382,
        0.018441971042539945,
        0.017411898171433546,
        0.017089187055240644,
        0.021535371589726265,
        0.016833492084905238,
        0.012121915225006455,
        0.029301961934054686,
        0.016331161393152018,
        0.03263464135116443,
        0.017203635626910477,
        0.017560660370561112,
        0.015370313756215009,
        0.011021901626442005,
        0.01614378979268492,
        0.01472781507999614,
        0.016941103620411013,
        0.013742244198597507,
        0.016134591890087386,
        0.013127594293109723,
        0.01015848507969557,
        0.009847261237328417,
        0.012028039961261953,
        0.014007579150486327,
        0.016480383776589797,
        0.010360788613200254,
        0.015532206756775156,
        0.011279003195037754,
        0.01240272778869396
    ],
    "val_acc": [
        0.26785714285714285,
        0.8139880952380952,
        0.9017857142857143,
        0.9479166666666666,
        0.9389880952380952,
        0.9747023809523809,
        0.9806547619047619,
        0.9732142857142857,
        0.9672619047619048,
        0.9866071428571429,
        0.9836309523809523,
        0.9910714285714286,
        0.9880952380952381,
        0.9880952380952381,
        0.9955357142857143,
        0.9895833333333334,
        0.9925595238095238,
        0.9940476190476191,
        0.9955357142857143,
        0.9940476190476191,
        0.9955357142857143,
        0.9940476190476191,
        0.9940476190476191,
        0.9940476190476191,
        0.9955357142857143,
        0.9955357142857143,
        0.9895833333333334,
        0.9940476190476191,
        0.9895833333333334,
        0.9940476190476191,
        0.9940476190476191,
        0.9940476190476191,
        0.9970238095238095,
        0.9940476190476191,
        0.9955357142857143,
        0.9940476190476191,
        0.9970238095238095,
        0.9940476190476191,
        0.9970238095238095,
        0.9970238095238095,
        0.9970238095238095,
        0.9970238095238095,
        0.9970238095238095,
        0.9940476190476191,
        0.9970238095238095,
        0.9940476190476191,
        0.9970238095238095,
        0.9955357142857143
    ],
    "learning_rates": [
        0.0001,
        0.0001,
        0.0001,
        0.0001,
        0.0001,
        0.0001,
        0.0001,
        0.0001,
        0.0001,
        0.0001,
        0.0001,
        0.0001,
        0.0001,
        0.0001,
        0.0001,
        0.0001,
        0.0001,
        0.0001,
        0.0001,
        0.0001,
        0.0001,
        0.0001,
        5e-05,
        5e-05,
        5e-05,
        5e-05,
        5e-05,
        5e-05,
        5e-05,
        2.5e-05,
        2.5e-05,
        2.5e-05,
        2.5e-05,
        2.5e-05,
        2.5e-05,
        2.5e-05,
        1.25e-05,
        1.25e-05,
        1.25e-05,
        1.25e-05,
        1.25e-05,
        1.25e-05,
        1.25e-05,
        1.25e-05,
        6.25e-06,
        6.25e-06,
        6.25e-06,
        6.25e-06
    ]
}