{
    "per_class": {
        "black_border": {
            "precision": 0.975,
            "recall": 1.0,
            "f1": 0.9873417721518988,
            "support": 39
        },
        "broken": {
            "precision": 0.7647058823529411,
            "recall": 0.8666666666666667,
            "f1": 0.8125,
            "support": 15
        },
        "hot_spot": {
            "precision": 0.9967948717948718,
            "recall": 0.9967948717948718,
            "f1": 0.9967948717948718,
            "support": 312
        },
        "no_electricity": {
            "precision": 1.0,
            "recall": 0.9642857142857143,
            "f1": 0.9818181818181818,
            "support": 28
        },
        "normal": {
            "precision": 1.0,
            "recall": 1.0,
            "f1": 1.0,
            "support": 76
        },
        "scratch": {
            "precision": 0.9852941176470589,
            "recall": 0.9757281553398058,
            "f1": 0.9804878048780488,
            "support": 206
        }
    },
    "macro": {
        "precision": 0.9536324786324787,
        "recall": 0.9672459013478432,
        "f1": 0.9598237717738335
    }
}