{
    "train_loss": [
        0.9792759047479046,
        0.37652015518777227,
        0.2509587052069148,
        0.2065443880095774,
        0.1491994680456665,
        0.13467581094983888,
        0.1320461197376099,
        0.1002678781063581,
        0.08532522396155995,
        0.08494288458165769,
        0.0912552955655419,
        0.07514558005982971,
        0.07841536540024895,
        0.06678810591182234,
        0.05954901565446005,
        0.06516826276106721,
        0.06623219720525098,
        0.06465952423144589,
        0.06922220529000066,
        0.04466322339044846,
        0.06211610639714921,
        0.05948866964840539,
        0.04587568408852367,
        0.04501083282972401,
        0.05048238726960001,
        0.04326811755118815,
        0.03876091426651811
    ],
    "train_acc": [
        0.46281519310564956,
        0.7283753590807532,
        0.8381742738589212,
        0.8774337695499521,
        0.9077561442706671,
        0.921800191509735,
        0.9246728375359081,
        0.9313756782636451,
        0.948292371528886,
        0.9556335780402171,
        0.944462176827322,
        0.949569103096074,
        0.9553143951484201,
        0.952760932014044,
        0.9604213214171721,
        0.966485796361315,
        0.9588254069581871,
        0.964251516118736,
        0.9620172358761571,
        0.967762527928503,
        0.9581870411745931,
        0.9626556016597511,
        0.967124162144909,
        0.972550271305458,
        0.974784551548037,
        0.968720076603894,
        0.969996808171082
    ],
    "val_loss": [
        1.2380085823436577,
        0.8097530128877788,
        0.32752018663588733,
        0.13890092283309924,
        0.08651056667024802,
        0.07055816916233328,
        0.053247988887874055,
        0.07875302129070319,
        0.04073213004518211,
        0.03575561342655592,
        0.026029168164573742,
        0.024501734488044997,
        0.03471645889173184,
        0.021072528142082905,
        0.03112392415927648,
        0.01836148165984057,
        0.018527603046441937,
        0.020320199609116008,
        0.021054309809100925,
        0.011703226960630022,
        0.022285803385741366,
        0.0120530498187734,
        0.02560451535165547,
        0.019686238297817044,
        0.01975191494083057,
        0.01588961107318894,
        0.014675925608441633
    ],
    "val_acc": [
        0.6532738095238095,
        0.8407738095238095,
        0.9598214285714286,
        0.96875,
        0.9747023809523809,
        0.9776785714285714,
        0.9821428571428571,
        0.9702380952380952,
        0.9836309523809523,
        0.9895833333333334,
        0.9880952380952381,
        0.9940476190476191,
        0.9880952380952381,
        0.9940476190476191,
        0.9880952380952381,
        0.9970238095238095,
        0.9955357142857143,
        0.9925595238095238,
        0.9910714285714286,
        0.9955357142857143,
        0.9910714285714286,
        0.9940476190476191,
        0.9880952380952381,
        0.9910714285714286,
        0.9895833333333334,
        0.9910714285714286,
        0.9970238095238095
    ],
    "learning_rates": [
        0.0001,
        0.0001,
        0.0001,
        0.0001,
        0.0001,
        0.0001,
        0.0001,
        0.0001,
        0.0001,
        0.0001,
        0.0001,
        0.0001,
        0.0001,
        0.0001,
        0.0001,
        0.0001,
        0.0001,
        0.0001,
        0.0001,
        0.0001,
        0.0001,
        0.0001,
        0.0001,
        5e-05,
        5e-05,
        5e-05,
        5e-05
    ]
}