{
    "per_class": {
        "black_border": {
            "precision": 0.9285714285714286,
            "recall": 1.0,
            "f1": 0.9629629629629629,
            "support": 39
        },
        "broken": {
            "precision": 0.5909090909090909,
            "recall": 0.8666666666666667,
            "f1": 0.7027027027027027,
            "support": 15
        },
        "hot_spot": {
            "precision": 0.9967845659163987,
            "recall": 0.9935897435897436,
            "f1": 0.9951845906902087,
            "support": 312
        },
        "no_electricity": {
            "precision": 0.9642857142857143,
            "recall": 0.9642857142857143,
            "f1": 0.9642857142857143,
            "support": 28
        },
        "normal": {
            "precision": 0.9868421052631579,
            "recall": 0.9868421052631579,
            "f1": 0.9868421052631579,
            "support": 76
        },
        "scratch": {
            "precision": 0.9949238578680203,
            "recall": 0.9514563106796117,
            "f1": 0.9727047146401985,
            "support": 206
        }
    },
    "macro": {
        "precision": 0.9103861271356352,
        "recall": 0.9604734234141491,
        "f1": 0.9307804650908241
    }
}