{
    "train_loss": [
        1.132630624941417,
        0.4874205811291325,
        0.36280293352141674,
        0.29005440202902777,
        0.28323335375408737,
        0.2316436646696256,
        0.20222401603752252,
        0.17934699911548166,
        0.1656671317332253,
        0.16308998221493498,
        0.1535532152356238,
        0.1589878585227594,
        0.11626588558892206,
        0.14408376373882806,
        0.13136047514497626,
        0.12496888852317115,
        0.10292884391941587,
        0.10839101009793123,
        0.12076972476301753,
        0.11068982428547983,
        0.10573350190546135,
        0.10651937367071454,
        0.1072072735512439,
        0.08776827034901599,
        0.11215476934056805,
        0.09601258516919856,
        0.09248588797731364,
        0.0959850628575196,
        0.08480985783876813,
        0.09844623079371391,
        0.08415408479049802,
        0.09099557190867406,
        0.08283994804915724,
        0.08031150122762334,
        0.0776070029645854,
        0.0955318745358714,
        0.08227579636803391,
        0.08822059584781528,
        0.10138136156530557,
        0.08714654834522885,
        0.07749383824364263,
        0.08542949459705577,
        0.08754536710033307,
        0.09149427883973231,
        0.08699309677645868,
        0.08090121995619669,
        0.0872113013507
    ],
    "train_acc": [
        0.41366102776891156,
        0.6093201404404723,
        0.7050750079795723,
        0.7622087456112352,
        0.7938078518991382,
        0.8528566868815831,
        0.8656240025534632,
        0.8745611235237791,
        0.8879668049792531,
        0.9026492180019151,
        0.9055218640280881,
        0.9039259495691031,
        0.919885094158953,
        0.9039259495691031,
        0.917969996808171,
        0.918608362591765,
        0.9307373124800511,
        0.9281838493456751,
        0.9310564953718481,
        0.9256303862112991,
        0.9259495691030961,
        0.9313756782636451,
        0.9259495691030961,
        0.9342483242898181,
        0.9269071177784871,
        0.93935525055857,
        0.9272263006702841,
        0.9348866900734121,
        0.9371209703159911,
        0.941908713692946,
        0.940312799233961,
        0.941270347909352,
        0.9304181295882541,
        0.939674433450367,
        0.943185445260134,
        0.9371209703159911,
        0.943823811043728,
        0.943185445260134,
        0.9380785189913821,
        0.941270347909352,
        0.945419725502713,
        0.9387168847749761,
        0.9387168847749761,
        0.9368017874241941,
        0.9361634216406001,
        0.942227896584743,
        0.943823811043728
    ],
    "val_loss": [
        1.3964332746607917,
        1.1848998787990284,
        1.0685339507292069,
        0.8144189376783159,
        0.47194098905172377,
        0.2665381237955963,
        0.17077381183792437,
        0.1274185059883166,
        0.1022195606596402,
        0.09312481923206221,
        0.058770699977425726,
        0.049860510731204635,
        0.04122748044097707,
        0.0582478288020606,
        0.05128604621304909,
        0.06204774915628756,
        0.046611164283517394,
        0.033869830851991925,
        0.04083303937347539,
        0.04177752956110496,
        0.046963210016006736,
        0.04697658906765615,
        0.04102376684230486,
        0.03325089591089636,
        0.030749277302501946,
        0.03617526225016696,
        0.03854608530361604,
        0.039147073620586614,
        0.0419408402837386,
        0.03297864958169937,
        0.02979382902378261,
        0.03287652481230907,
        0.031806086762073735,
        0.033876452151162084,
        0.03574344207750289,
        0.02975496344429086,
        0.03134288010048857,
        0.035524639256306854,
        0.027227784549246452,
        0.02019136123514424,
        0.03413289838049206,
        0.03252370012411293,
        0.03128502868154707,
        0.029317284352839038,
        0.033003809589163643,
        0.03337406968819864,
        0.03229747086394733
    ],
    "val_acc": [
        0.3318452380952381,
        0.7395833333333334,
        0.8184523809523809,
        0.8735119047619048,
        0.9166666666666666,
        0.9464285714285714,
        0.9672619047619048,
        0.9657738095238095,
        0.9642857142857143,
        0.9672619047619048,
        0.9791666666666666,
        0.9821428571428571,
        0.9836309523809523,
        0.9747023809523809,
        0.9821428571428571,
        0.9747023809523809,
        0.9836309523809523,
        0.9851190476190477,
        0.9821428571428571,
        0.9821428571428571,
        0.9806547619047619,
        0.9821428571428571,
        0.9821428571428571,
        0.9836309523809523,
        0.9851190476190477,
        0.9836309523809523,
        0.9836309523809523,
        0.9821428571428571,
        0.9821428571428571,
        0.9866071428571429,
        0.9851190476190477,
        0.9851190476190477,
        0.9851190476190477,
        0.9880952380952381,
        0.9821428571428571,
        0.9880952380952381,
        0.9880952380952381,
        0.9895833333333334,
        0.9880952380952381,
        0.9895833333333334,
        0.9851190476190477,
        0.9866071428571429,
        0.9866071428571429,
        0.9866071428571429,
        0.9836309523809523,
        0.9866071428571429,
        0.9895833333333334
    ],
    "learning_rates": [
        5e-05,
        5e-05,
        5e-05,
        5e-05,
        5e-05,
        5e-05,
        5e-05,
        5e-05,
        5e-05,
        5e-05,
        5e-05,
        5e-05,
        5e-05,
        5e-05,
        5e-05,
        5e-05,
        2.5e-05,
        2.5e-05,
        2.5e-05,
        2.5e-05,
        2.5e-05,
        1.25e-05,
        1.25e-05,
        1.25e-05,
        1.25e-05,
        1.25e-05,
        1.25e-05,
        1.25e-05,
        6.25e-06,
        6.25e-06,
        6.25e-06,
        6.25e-06,
        6.25e-06,
        6.25e-06,
        3.125e-06,
        3.125e-06,
        3.125e-06,
        3.125e-06,
        3.125e-06,
        3.125e-06,
        3.125e-06,
        3.125e-06,
        3.125e-06,
        1.5625e-06,
        1.5625e-06,
        1.5625e-06,
        1.5625e-06
    ]
}