{
    "train_loss": [
        1.3141548995807306,
        0.698666059948026,
        0.45306952828954594,
        0.3790507705455918,
        0.3073569364605565,
        0.2581761881466533,
        0.25013721923344134,
        0.21961075852054626,
        0.18450444908690763,
        0.1629000408007168,
        0.19086061403550092,
        0.18481443124887778,
        0.14645180343021572,
        0.1404839197296781,
        0.14661829445143687,
        0.14381527059800397,
        0.13590616444967024,
        0.12502148979070885,
        0.1322030873152915,
        0.12736175622359427,
        0.11383553104700465,
        0.130253888550103,
        0.11825041848175677,
        0.10465035966380198,
        0.11451459374722299,
        0.11417649911780195,
        0.10108934609683755,
        0.11305601664655626,
        0.09522586125622456,
        0.10496107113606779,
        0.10136577145497029,
        0.09020140494418827,
        0.0991375700383665,
        0.08281974186969192
    ],
    "train_acc": [
        0.26460261729971274,
        0.5352697095435685,
        0.6300670284072774,
        0.7009256303862113,
        0.7673156718799873,
        0.8187041174593042,
        0.8372167251835302,
        0.8732843919565911,
        0.8831790616022981,
        0.8949888285987871,
        0.8914778167890202,
        0.8969039259495691,
        0.9013724864347271,
        0.9055218640280881,
        0.916054899457389,
        0.9135014363230131,
        0.915735716565592,
        0.9281838493456751,
        0.9243536546441111,
        0.920523459942547,
        0.9275454835620811,
        0.9269071177784871,
        0.918927545483562,
        0.9374401532077881,
        0.9307373124800511,
        0.9249920204277051,
        0.9329715927226301,
        0.9304181295882541,
        0.9368017874241941,
        0.9361634216406001,
        0.9368017874241941,
        0.939674433450367,
        0.9355250558570061,
        0.942866262368337
    ],
    "val_loss": [
        1.7205238257135664,
        1.3701486291275138,
        1.155643143912866,
        0.9993197604947325,
        0.7663492626466212,
        0.5528241024308261,
        0.3646916762726115,
        0.22701505996242521,
        0.17686932922030488,
        0.10187137235576908,
        0.11579449629339035,
        0.07484962198664323,
        0.058425869285461625,
        0.06056919530411029,
        0.049984361174990354,
        0.03277835458738125,
        0.028841087980947037,
        0.04030522288355444,
        0.03864271008742868,
        0.02888350161880399,
        0.026267270666721743,
        0.02571335888656211,
        0.04123951936266427,
        0.026351629446296664,
        0.0178761824440482,
        0.019960658219480093,
        0.016311875279608926,
        0.027372427429543763,
        0.02330724595005796,
        0.02785366935166253,
        0.029760578668217585,
        0.01876260405281625,
        0.01747198992667282,
        0.017565920863922828
    ],
    "val_acc": [
        0.45089285714285715,
        0.5297619047619048,
        0.7038690476190477,
        0.7842261904761905,
        0.8839285714285714,
        0.9404761904761905,
        0.9583333333333334,
        0.9672619047619048,
        0.96875,
        0.9761904761904762,
        0.9642857142857143,
        0.9806547619047619,
        0.9851190476190477,
        0.9806547619047619,
        0.9776785714285714,
        0.9910714285714286,
        0.9910714285714286,
        0.9880952380952381,
        0.9851190476190477,
        0.9880952380952381,
        0.9895833333333334,
        0.9925595238095238,
        0.9821428571428571,
        0.9880952380952381,
        0.9955357142857143,
        0.9955357142857143,
        0.9940476190476191,
        0.9880952380952381,
        0.9925595238095238,
        0.9895833333333334,
        0.9910714285714286,
        0.9940476190476191,
        0.9940476190476191,
        0.9925595238095238
    ],
    "lr": [
        5e-05,
        5e-05,
        5e-05,
        5e-05,
        5e-05,
        5e-05,
        5e-05,
        5e-05,
        5e-05,
        5e-05,
        5e-05,
        5e-05,
        5e-05,
        5e-05,
        5e-05,
        5e-05,
        5e-05,
        5e-05,
        5e-05,
        5e-05,
        5e-05,
        5e-05,
        5e-05,
        5e-05,
        5e-05,
        5e-05,
        5e-05,
        5e-05,
        5e-05,
        5e-05,
        2.5e-05,
        2.5e-05,
        2.5e-05,
        2.5e-05
    ]
}