{
    "train_loss": [
        1.2728150961350422,
        0.6700815102275537,
        0.43944649519969003,
        0.34141324148798474,
        0.30610177095751373,
        0.271410804089843,
        0.25939251372248545,
        0.22792527573753377,
        0.22280655516197487,
        0.21125963372083342,
        0.21250174137554606,
        0.20315841627212203,
        0.17598329689733835,
        0.17408823022352798,
        0.1645161787009969,
        0.1423609410982807,
        0.14577737017249576,
        0.1374793946172814,
        0.1476369016442676,
        0.12156281736204211,
        0.13208765000561062,
        0.12133932585010723,
        0.11274652252429906,
        0.11406830033021313,
        0.1246775198556787,
        0.12553740492356674,
        0.12462116492798134,
        0.10889419574974751,
        0.1023645618246222,
        0.10916453082950747,
        0.0996181633779589,
        0.09826229755500597,
        0.09970776996176157,
        0.12174170772183915,
        0.11512568430518921,
        0.08446342225794737,
        0.08837672200396049,
        0.08446488217735777,
        0.09589545322316033,
        0.11039866449083297,
        0.10968056382440335,
        0.09517703223403315,
        0.08235179679468274,
        0.09322734044066497,
        0.11217448548223748,
        0.09369958755180087,
        0.09731092058806395,
        0.09688710808107744,
        0.08705980442844484,
        0.08939135269432956
    ],
    "train_acc": [
        0.33322693903606765,
        0.5272901372486435,
        0.6163421640600064,
        0.6951803383338653,
        0.8024257899776572,
        0.8375359080753272,
        0.8448771145866582,
        0.8592403447175231,
        0.8723268432812001,
        0.8780721353335461,
        0.8739227577401851,
        0.8723268432812001,
        0.8889243536546441,
        0.8892435365464411,
        0.8984998404085541,
        0.9138206192148101,
        0.9071177784870731,
        0.919246728375359,
        0.9074369613788701,
        0.915097350781998,
        0.9259495691030961,
        0.921800191509735,
        0.9253112033195021,
        0.9233961059687201,
        0.9237152888605171,
        0.9281838493456751,
        0.9256303862112991,
        0.9326524098308331,
        0.9326524098308331,
        0.9329715927226301,
        0.9332907756144271,
        0.9374401532077881,
        0.9300989466964571,
        0.9278646664538781,
        0.9304181295882541,
        0.939036067666773,
        0.939036067666773,
        0.9358442387488031,
        0.9374401532077881,
        0.9336099585062241,
        0.9300989466964571,
        0.9320140440472391,
        0.939674433450367,
        0.9352058729652091,
        0.9332907756144271,
        0.941270347909352,
        0.9355250558570061,
        0.9332907756144271,
        0.9380785189913821,
        0.945419725502713
    ],
    "val_loss": [
        1.5961342539106096,
        1.1822869245495116,
        0.9508263168058225,
        0.6636190218130305,
        0.52234193312359,
        0.32149053427080315,
        0.22678869668327803,
        0.18280055236703316,
        0.13054820377008236,
        0.13734292352594257,
        0.09285872760700017,
        0.07684995750120531,
        0.07587889308481299,
        0.08397076949594998,
        0.06168801416753836,
        0.050225924971441384,
        0.05951022114840314,
        0.036819781372850274,
        0.03908702711937838,
        0.03906643036420324,
        0.058677035441394854,
        0.03873149866593026,
        0.03843684228680407,
        0.033698460045603236,
        0.03561888558657041,
        0.04399180880309792,
        0.027201897140392766,
        0.031025930152585108,
        0.042960338724134045,
        0.0280400005354923,
        0.028709945125142224,
        0.03659646700197343,
        0.027554168283434894,
        0.025931761691546335,
        0.027794691468616725,
        0.030117970346639465,
        0.02975545904025369,
        0.026910594852303064,
        0.025593889282650446,
        0.03327406829304805,
        0.0291304207407631,
        0.0240211050626212,
        0.02246696753926309,
        0.02438795314117756,
        0.024970492004372534,
        0.024710169798968958,
        0.020553982473973605,
        0.02881654762036522,
        0.02758206668381934,
        0.02116604722340569
    ],
    "val_acc": [
        0.19642857142857142,
        0.3586309523809524,
        0.3898809523809524,
        0.7886904761904762,
        0.90625,
        0.9404761904761905,
        0.9523809523809523,
        0.9568452380952381,
        0.9657738095238095,
        0.9553571428571429,
        0.9717261904761905,
        0.9791666666666666,
        0.9747023809523809,
        0.9732142857142857,
        0.9791666666666666,
        0.9836309523809523,
        0.9761904761904762,
        0.9866071428571429,
        0.9836309523809523,
        0.9880952380952381,
        0.9791666666666666,
        0.9851190476190477,
        0.9836309523809523,
        0.9895833333333334,
        0.9880952380952381,
        0.9821428571428571,
        0.9910714285714286,
        0.9910714285714286,
        0.9836309523809523,
        0.9925595238095238,
        0.9895833333333334,
        0.9866071428571429,
        0.9895833333333334,
        0.9910714285714286,
        0.9910714285714286,
        0.9895833333333334,
        0.9880952380952381,
        0.9910714285714286,
        0.9910714285714286,
        0.9895833333333334,
        0.9895833333333334,
        0.9910714285714286,
        0.9925595238095238,
        0.9940476190476191,
        0.9925595238095238,
        0.9910714285714286,
        0.9940476190476191,
        0.9895833333333334,
        0.9910714285714286,
        0.9910714285714286
    ],
    "learning_rates": [
        5e-05,
        5e-05,
        5e-05,
        5e-05,
        5e-05,
        5e-05,
        5e-05,
        5e-05,
        5e-05,
        5e-05,
        5e-05,
        5e-05,
        5e-05,
        5e-05,
        5e-05,
        5e-05,
        5e-05,
        5e-05,
        5e-05,
        5e-05,
        5e-05,
        2.5e-05,
        2.5e-05,
        2.5e-05,
        2.5e-05,
        2.5e-05,
        2.5e-05,
        2.5e-05,
        2.5e-05,
        2.5e-05,
        1.25e-05,
        1.25e-05,
        1.25e-05,
        1.25e-05,
        1.25e-05,
        1.25e-05,
        1.25e-05,
        6.25e-06,
        6.25e-06,
        6.25e-06,
        6.25e-06,
        6.25e-06,
        6.25e-06,
        6.25e-06,
        6.25e-06,
        6.25e-06,
        6.25e-06,
        6.25e-06,
        6.25e-06,
        6.25e-06
    ]
}