{
    "per_class": {
        "black_border": {
            "precision": 0.9512195121951219,
            "recall": 1.0,
            "f1": 0.975,
            "support": 39
        },
        "broken": {
            "precision": 0.5714285714285714,
            "recall": 0.8,
            "f1": 0.6666666666666666,
            "support": 15
        },
        "hot_spot": {
            "precision": 0.9967948717948718,
            "recall": 0.9967948717948718,
            "f1": 0.9967948717948718,
            "support": 312
        },
        "no_electricity": {
            "precision": 0.9642857142857143,
            "recall": 0.9642857142857143,
            "f1": 0.9642857142857143,
            "support": 28
        },
        "normal": {
            "precision": 0.9868421052631579,
            "recall": 0.9868421052631579,
            "f1": 0.9868421052631579,
            "support": 76
        },
        "scratch": {
            "precision": 0.98989898989899,
            "recall": 0.9514563106796117,
            "f1": 0.9702970297029703,
            "support": 206
        }
    },
    "macro": {
        "precision": 0.9100782941444044,
        "recall": 0.9498965003372261,
        "f1": 0.9266477312855635
    }
}