{
    "train_loss": [
        1.0803953695053956,
        0.4578833811137141,
        0.34005160660159833,
        0.29902709838078945,
        0.24233151189222626,
        0.20835296148244214,
        0.19200100130116454,
        0.18292669427334046,
        0.1516652805160503,
        0.1673668436706066,
        0.14583791581419658,
        0.13037022934960468,
        0.12823786043885108,
        0.1174237508687894,
        0.11198587285126654,
        0.14369578459965332,
        0.11852793811763428,
        0.1017357168377054,
        0.09636621357759043,
        0.10880375278125308,
        0.10320290678883998,
        0.10474724935519757,
        0.1263695714082949,
        0.09378666653088769,
        0.11082366886263599,
        0.08997384077698296,
        0.08857265668826139,
        0.08240478085734103,
        0.09285709600211406,
        0.08039639689674487,
        0.08527948136194324
    ],
    "train_acc": [
        0.47813597191190554,
        0.6731567187998724,
        0.7503989786147462,
        0.7966804979253111,
        0.8308330673475902,
        0.8707309288222151,
        0.8767954037663581,
        0.8854133418448771,
        0.9010533035429301,
        0.8988190233003511,
        0.9141398021066071,
        0.9122247047558251,
        0.919246728375359,
        0.9259495691030961,
        0.9262687519948931,
        0.919246728375359,
        0.9259495691030961,
        0.9342483242898181,
        0.9272263006702841,
        0.9297797638046601,
        0.9342483242898181,
        0.9332907756144271,
        0.9320140440472391,
        0.9380785189913821,
        0.9352058729652091,
        0.9383977018831791,
        0.939674433450367,
        0.943185445260134,
        0.944462176827322,
        0.94573890839451,
        0.943504628151931
    ],
    "val_loss": [
        1.3973368892357463,
        1.2296413037305076,
        0.9355061730990807,
        0.6631208382702122,
        0.3365567618470994,
        0.2453480424259656,
        0.1520736871364837,
        0.13786264378133983,
        0.10389414701438952,
        0.0827619630560678,
        0.06527640809266207,
        0.09834977295360572,
        0.07009493029077671,
        0.07728248593048193,
        0.0781480233792016,
        0.05879242439654523,
        0.05054614763399253,
        0.06200792718958664,
        0.055053507399168755,
        0.0490337881437015,
        0.06173358767063335,
        0.06097122231273845,
        0.047245359965018,
        0.033772319612104355,
        0.035922255932486484,
        0.033974297412593536,
        0.04285218563191371,
        0.036073816748934666,
        0.0386460245381819,
        0.04546479213500528,
        0.043269010834462406
    ],
    "val_acc": [
        0.45089285714285715,
        0.6964285714285714,
        0.8125,
        0.8645833333333334,
        0.9270833333333334,
        0.9389880952380952,
        0.9583333333333334,
        0.9479166666666666,
        0.9613095238095238,
        0.9747023809523809,
        0.9761904761904762,
        0.9627976190476191,
        0.9776785714285714,
        0.9717261904761905,
        0.9761904761904762,
        0.9806547619047619,
        0.9821428571428571,
        0.9747023809523809,
        0.9806547619047619,
        0.9836309523809523,
        0.9791666666666666,
        0.9776785714285714,
        0.9821428571428571,
        0.9880952380952381,
        0.9880952380952381,
        0.9880952380952381,
        0.9895833333333334,
        0.9895833333333334,
        0.9866071428571429,
        0.9836309523809523,
        0.9836309523809523
    ],
    "learning_rates": [
        5e-05,
        5e-05,
        5e-05,
        5e-05,
        5e-05,
        5e-05,
        5e-05,
        5e-05,
        5e-05,
        5e-05,
        5e-05,
        5e-05,
        5e-05,
        5e-05,
        2.5e-05,
        2.5e-05,
        2.5e-05,
        2.5e-05,
        2.5e-05,
        2.5e-05,
        2.5e-05,
        2.5e-05,
        2.5e-05,
        2.5e-05,
        2.5e-05,
        2.5e-05,
        2.5e-05,
        1.25e-05,
        1.25e-05,
        1.25e-05,
        1.25e-05
    ]
}