{
    "per_class": {
        "black_border": {
            "precision": 0.975,
            "recall": 1.0,
            "f1": 0.9873417721518988,
            "support": 39
        },
        "broken": {
            "precision": 0.6363636363636364,
            "recall": 0.9333333333333333,
            "f1": 0.7567567567567568,
            "support": 15
        },
        "hot_spot": {
            "precision": 0.9968051118210862,
            "recall": 1.0,
            "f1": 0.9984,
            "support": 312
        },
        "no_electricity": {
            "precision": 0.9642857142857143,
            "recall": 0.9642857142857143,
            "f1": 0.9642857142857143,
            "support": 28
        },
        "normal": {
            "precision": 1.0,
            "recall": 0.9868421052631579,
            "f1": 0.9933774834437086,
            "support": 76
        },
        "scratch": {
            "precision": 0.9949494949494949,
            "recall": 0.9563106796116505,
            "f1": 0.9752475247524752,
            "support": 206
        }
    },
    "macro": {
        "precision": 0.9279006595699887,
        "recall": 0.9734619720823093,
        "f1": 0.9459015418984258
    }
}