{
    "per_class": {
        "defective": {
            "precision": 0.7666666666666667,
            "recall": 0.3709677419354839,
            "f1": 0.5,
            "support": 62
        },
        "functional": {
            "precision": 0.7664670658682635,
            "recall": 0.9481481481481482,
            "f1": 0.847682119205298,
            "support": 135
        }
    },
    "macro": {
        "precision": 0.7665668662674652,
        "recall": 0.6595579450418161,
        "f1": 0.673841059602649
    }
}