{
    "per_class": {
        "defective": {
            "precision": 0.9345794392523364,
            "recall": 0.8130081300813008,
            "f1": 0.8695652173913043,
            "support": 123
        },
        "functional": {
            "precision": 0.9198606271777003,
            "recall": 0.974169741697417,
            "f1": 0.946236559139785,
            "support": 271
        }
    },
    "macro": {
        "precision": 0.9272200332150184,
        "recall": 0.893588935889359,
        "f1": 0.9079008882655446
    }
}