{
    "train_loss": [
        0.6190239185916966,
        0.5645977813622047,
        0.5441099544023645,
        0.5190168655124204,
        0.5153499929041698,
        0.4978655278682709,
        0.4859518141582094,
        0.475450845114116,
        0.4599255657401578
    ],
    "train_acc": [
        0.6775599128540305,
        0.7314814814814815,
        0.7407407407407407,
        0.7598039215686274,
        0.7652505446623094,
        0.7772331154684096,
        0.7717864923747276,
        0.7919389978213508,
        0.8022875816993464
    ],
    "val_loss": [
        0.5267484954425267,
        0.4620896450110844,
        0.46269573058400837,
        0.45620602795055937,
        0.4563648062092917,
        0.4746557005814144,
        0.5107019628797259,
        0.5322731137275696,
        0.4797348039490836
    ],
    "val_acc": [
        0.7258883248730964,
        0.7766497461928934,
        0.766497461928934,
        0.7817258883248731,
        0.8071065989847716,
        0.8020304568527918,
        0.7614213197969543,
        0.8020304568527918,
        0.7868020304568528
    ],
    "learning_rates": [
        0.0001,
        0.0001,
        0.0001,
        0.0001,
        0.0001,
        0.0001,
        0.0001,
        5e-05,
        5e-05
    ]
}