{
    "train_loss": [
        0.5514773931996576,
        0.4525168913191763,
        0.4137842367435324,
        0.3729769425659344,
        0.36113638045458957,
        0.348068166138797,
        0.33729094703649654,
        0.31215177810397643,
        0.31749563458664665,
        0.31498829146911356,
        0.2878538853135602,
        0.28332434620322855,
        0.2877445211955186,
        0.26514849580567457,
        0.24874890004766398,
        0.2613319741754696,
        0.23504986254305676,
        0.23984696240774517,
        0.22152094401676078,
        0.2216685785558717,
        0.22016162836346134,
        0.21548144365179128,
        0.21699145744586812
    ],
    "train_acc": [
        0.7342047930283224,
        0.7892156862745098,
        0.8175381263616558,
        0.8442265795206971,
        0.8387799564270153,
        0.8518518518518519,
        0.849128540305011,
        0.8611111111111112,
        0.8660130718954249,
        0.8720043572984749,
        0.883442265795207,
        0.8785403050108932,
        0.8790849673202614,
        0.8872549019607843,
        0.8899782135076253,
        0.8910675381263616,
        0.9035947712418301,
        0.900871459694989,
        0.9101307189542484,
        0.9079520697167756,
        0.9035947712418301,
        0.9117647058823529,
        0.9128540305010894
    ],
    "val_loss": [
        0.44884369980830413,
        0.35550512086886626,
        0.34171348638259447,
        0.33032651188281864,
        0.3175312544290836,
        0.29426451571858847,
        0.2910696521687966,
        0.3080224543809891,
        0.2685706477182416,
        0.29416672656169307,
        0.28127932716877413,
        0.2864094335012711,
        0.29140226335193103,
        0.2662147261345616,
        0.28473206910376364,
        0.26375689536619645,
        0.2739642211594261,
        0.26161301051839614,
        0.26639539936485773,
        0.27548536353816205,
        0.2911958075576247,
        0.2780024469203244,
        0.2740078008411309
    ],
    "val_acc": [
        0.7868020304568528,
        0.8248730964467005,
        0.8426395939086294,
        0.8477157360406091,
        0.8578680203045685,
        0.8604060913705583,
        0.8629441624365483,
        0.8629441624365483,
        0.8781725888324873,
        0.8883248730964467,
        0.8883248730964467,
        0.8857868020304569,
        0.8883248730964467,
        0.8934010152284264,
        0.883248730964467,
        0.8984771573604061,
        0.8883248730964467,
        0.8857868020304569,
        0.8857868020304569,
        0.8908629441624365,
        0.8807106598984772,
        0.8857868020304569,
        0.8908629441624365
    ],
    "learning_rates": [
        0.0001,
        0.0001,
        0.0001,
        0.0001,
        0.0001,
        0.0001,
        0.0001,
        0.0001,
        0.0001,
        0.0001,
        0.0001,
        0.0001,
        5e-05,
        5e-05,
        5e-05,
        5e-05,
        5e-05,
        5e-05,
        5e-05,
        5e-05,
        5e-05,
        2.5e-05,
        2.5e-05
    ]
}