{
    "train_loss": [
        0.5863498187270658,
        0.45629593935506096,
        0.4146193070658322,
        0.38328296074579504,
        0.3701021635326846,
        0.36415157672660103,
        0.32857709403695734,
        0.3254612738202358,
        0.33025588390642197,
        0.3160975967244855,
        0.3124893392468321,
        0.3100290972867916,
        0.2916217785457085,
        0.29318635448299607,
        0.28736256088676126,
        0.2772759396968217,
        0.2787918173547449,
        0.28306385823364916,
        0.26575832454294995,
        0.268890719346959,
        0.26125642605896654,
        0.25824243061501406,
        0.24756793921877598,
        0.22603066137124753
    ],
    "train_acc": [
        0.7249455337690632,
        0.7946623093681917,
        0.8104575163398693,
        0.829520697167756,
        0.8360566448801743,
        0.8420479302832244,
        0.8556644880174292,
        0.855119825708061,
        0.8638344226579521,
        0.8676470588235294,
        0.8627450980392157,
        0.869281045751634,
        0.8801742919389978,
        0.8687363834422658,
        0.8763616557734205,
        0.8899782135076253,
        0.8763616557734205,
        0.8850762527233116,
        0.8910675381263616,
        0.8899782135076253,
        0.9019607843137255,
        0.8943355119825708,
        0.906318082788671,
        0.9084967320261438
    ],
    "val_loss": [
        0.42285404010460925,
        0.3635526064496774,
        0.3405942956988628,
        0.3303461464551779,
        0.356340462485185,
        0.30304621962400585,
        0.3338178586787902,
        0.28700232921311486,
        0.2723597136254494,
        0.27447217874802077,
        0.27473957220522255,
        0.25910139599671733,
        0.249585500273567,
        0.2716825230476948,
        0.2508897715463088,
        0.25842740515676826,
        0.23964114558811372,
        0.2449666533905726,
        0.2326063639842547,
        0.2481311263086704,
        0.2456961703988222,
        0.2514732051640749,
        0.25296339808175194,
        0.2540639892507058
    ],
    "val_acc": [
        0.8147208121827412,
        0.8324873096446701,
        0.8629441624365483,
        0.8375634517766497,
        0.8248730964467005,
        0.8629441624365483,
        0.8705583756345178,
        0.8781725888324873,
        0.8781725888324873,
        0.8781725888324873,
        0.8781725888324873,
        0.8883248730964467,
        0.8908629441624365,
        0.8807106598984772,
        0.8934010152284264,
        0.883248730964467,
        0.8984771573604061,
        0.8934010152284264,
        0.9010152284263959,
        0.8959390862944162,
        0.8984771573604061,
        0.8908629441624365,
        0.8959390862944162,
        0.8908629441624365
    ],
    "learning_rates": [
        0.0001,
        0.0001,
        0.0001,
        0.0001,
        0.0001,
        0.0001,
        0.0001,
        0.0001,
        0.0001,
        0.0001,
        0.0001,
        0.0001,
        0.0001,
        0.0001,
        0.0001,
        0.0001,
        0.0001,
        0.0001,
        0.0001,
        0.0001,
        0.0001,
        0.0001,
        5e-05,
        5e-05
    ]
}