{
    "mean_similarity": 0.365859735706585,
    "std_similarity": 0.2562640632327906,
    "median_similarity": 0.2399907947822498,
    "prediction_agreement": 1.0
}