{
    "model": "EfficientNet-B1",
    "num_parameters": 7172134,
    "trainable_parameters": 7170886,
    "test_accuracy": 0.9899812147777082,
    "macro_metrics": {
        "precision": 0.9705659882322236,
        "recall": 0.974533683870634,
        "f1": 0.9724449387026444
    },
    "per_class_metrics": {
        "black_border": {
            "precision": 0.9818181818181818,
            "recall": 1.0,
            "f1": 0.9908256880733946,
            "support": 108
        },
        "broken": {
            "precision": 0.9069767441860465,
            "recall": 0.9069767441860465,
            "f1": 0.9069767441860465,
            "support": 43
        },
        "hot_spot": {
            "precision": 0.9986013986013986,
            "recall": 0.9986013986013986,
            "f1": 0.9986013986013986,
            "support": 715
        },
        "no_electricity": {
            "precision": 0.9512195121951219,
            "recall": 0.9873417721518988,
            "f1": 0.968944099378882,
            "support": 79
        },
        "normal": {
            "precision": 0.9925925925925926,
            "recall": 0.9640287769784173,
            "f1": 0.9781021897810219,
            "support": 139
        },
        "scratch": {
            "precision": 0.9921875,
            "recall": 0.9902534113060428,
            "f1": 0.9912195121951219,
            "support": 513
        }
    },
    "business_metrics": {
        "false_negative_rate": 0.025466316129366007,
        "false_positive_rate": 0.02943401176777638
    }
}