{
    "train_loss": [
        0.9580365373772017,
        0.39340643782396706,
        0.28173617524456007,
        0.21637811679012922,
        0.16718973333434184,
        0.14093294773935056,
        0.12372333744578824,
        0.11638448394987048,
        0.1092367101061557,
        0.10422427831597779,
        0.07636695303383986,
        0.08103737210360717,
        0.08297346009426199,
        0.08348972902500204,
        0.06306627523914284,
        0.08271116283437123,
        0.05637127996840495,
        0.053030067415698906,
        0.053190649534594646,
        0.06181644806543327,
        0.04203255576015051,
        0.05459313296204509
    ],
    "train_acc": [
        0.46345355888924356,
        0.7590169166932652,
        0.8132780082987552,
        0.8643472709862752,
        0.9000957548675391,
        0.9010533035429301,
        0.9144589849984041,
        0.9253112033195021,
        0.9313756782636451,
        0.939993616342164,
        0.947973188637089,
        0.945419725502713,
        0.944781359719119,
        0.9562719438238111,
        0.9578678582827961,
        0.951484200446856,
        0.9607405043089691,
        0.9613788700925631,
        0.9626556016597511,
        0.9620172358761571,
        0.966166613469518,
        0.9626556016597511
    ],
    "val_loss": [
        1.2321448486653113,
        1.0314150527784867,
        0.6115045726210588,
        0.3149335263296962,
        0.20505227073140087,
        0.1326410097702007,
        0.1037915704239692,
        0.07986130288225554,
        0.054594381095653045,
        0.07433918043638446,
        0.04488692062053209,
        0.028515394454838576,
        0.03958671188558496,
        0.019912910840329937,
        0.01921170951598989,
        0.0717986278118804,
        0.03280388495893151,
        0.02506610433123396,
        0.03024841442432565,
        0.03253673752624309,
        0.026464284783633912,
        0.02088493431005017
    ],
    "val_acc": [
        0.8110119047619048,
        0.8586309523809523,
        0.9553571428571429,
        0.9553571428571429,
        0.9494047619047619,
        0.9627976190476191,
        0.9732142857142857,
        0.9776785714285714,
        0.9821428571428571,
        0.9717261904761905,
        0.9821428571428571,
        0.9895833333333334,
        0.9821428571428571,
        0.9925595238095238,
        0.9940476190476191,
        0.9732142857142857,
        0.9880952380952381,
        0.9910714285714286,
        0.9895833333333334,
        0.9895833333333334,
        0.9895833333333334,
        0.9925595238095238
    ],
    "learning_rates": [
        0.0001,
        0.0001,
        0.0001,
        0.0001,
        0.0001,
        0.0001,
        0.0001,
        0.0001,
        0.0001,
        0.0001,
        0.0001,
        0.0001,
        0.0001,
        0.0001,
        0.0001,
        0.0001,
        0.0001,
        0.0001,
        5e-05,
        5e-05,
        5e-05,
        5e-05
    ]
}