{
    "train_loss": [
        0.6423211057980855,
        0.5644209106763204,
        0.5317866226037343,
        0.517367668946584,
        0.5186485131581624,
        0.48903801043828327,
        0.4978027621905009,
        0.47370443542798363,
        0.48060001730918883,
        0.4632421890894572,
        0.46206436355908714,
        0.45227622191111244,
        0.45041757424672446,
        0.45791696906089785,
        0.4497199336687724,
        0.4363244593143463,
        0.43815147678057353,
        0.44214107394218444,
        0.43162039717038475,
        0.4322595834732056,
        0.45221051971117654,
        0.444253408908844,
        0.43081751465797424,
        0.4124438464641571,
        0.4288773159186045,
        0.4262144029140472,
        0.4250296493371328,
        0.4093905727068583,
        0.4170621256033579,
        0.42118879556655886
    ],
    "train_acc": [
        0.6781045751633987,
        0.7723311546840959,
        0.7701525054466231,
        0.7706971677559913,
        0.7706971677559913,
        0.7815904139433552,
        0.7826797385620915,
        0.7859477124183006,
        0.7903050108932462,
        0.8017429193899782,
        0.795751633986928,
        0.8050108932461874,
        0.7995642701525054,
        0.7995642701525054,
        0.80119825708061,
        0.803921568627451,
        0.7962962962962963,
        0.8001089324618736,
        0.8115468409586056,
        0.803921568627451,
        0.7979302832244008,
        0.8044662309368191,
        0.8022875816993464,
        0.8148148148148148,
        0.8082788671023965,
        0.8017429193899782,
        0.8044662309368191,
        0.8224400871459695,
        0.8164488017429193,
        0.8159041394335512
    ],
    "val_loss": [
        0.5087044909596443,
        0.4263700246810913,
        0.3898695074021816,
        0.3646194599568844,
        0.35006964579224586,
        0.33936700224876404,
        0.3318156227469444,
        0.32563913241028786,
        0.3218155484646559,
        0.3154176324605942,
        0.3106794487684965,
        0.3060448132455349,
        0.3028415497392416,
        0.2996492497622967,
        0.29995132982730865,
        0.298820897936821,
        0.2950528785586357,
        0.294467655941844,
        0.2928345315158367,
        0.2920614220201969,
        0.29025332629680634,
        0.2885392736643553,
        0.2868785746395588,
        0.2848532721400261,
        0.28286996856331825,
        0.28547341749072075,
        0.28476604633033276,
        0.2828335464000702,
        0.2824604734778404,
        0.28490819223225117
    ],
    "val_acc": [
        0.7893401015228426,
        0.8071065989847716,
        0.8274111675126904,
        0.8197969543147208,
        0.8324873096446701,
        0.8274111675126904,
        0.8350253807106599,
        0.8375634517766497,
        0.8324873096446701,
        0.8451776649746193,
        0.8350253807106599,
        0.8451776649746193,
        0.8426395939086294,
        0.8451776649746193,
        0.8477157360406091,
        0.8426395939086294,
        0.8477157360406091,
        0.8477157360406091,
        0.8477157360406091,
        0.8477157360406091,
        0.8451776649746193,
        0.8477157360406091,
        0.8527918781725888,
        0.850253807106599,
        0.850253807106599,
        0.8477157360406091,
        0.8426395939086294,
        0.8451776649746193,
        0.8527918781725888,
        0.850253807106599
    ],
    "learning_rates": [
        0.0001,
        0.0001,
        0.0001,
        0.0001,
        0.0001,
        0.0001,
        0.0001,
        0.0001,
        0.0001,
        0.0001,
        0.0001,
        0.0001,
        0.0001,
        0.0001,
        0.0001,
        0.0001,
        0.0001,
        0.0001,
        0.0001,
        0.0001,
        0.0001,
        0.0001,
        0.0001,
        0.0001,
        0.0001,
        0.0001,
        0.0001,
        0.0001,
        0.0001,
        0.0001
    ]
}